teryt_powiat,bdl_unit_id,powiat,typ,ludnosc_ogolem,zmiana_ludnosci_na_1000,przyrost_naturalny_na_1000,odsetek_65plus,wsp_obciazenia_osobami_starszymi,poprodukcyjni_na_100_produkcyjnych,nieprodukcyjni_na_100_produkcyjnych,poprodukcyjni_na_100_przedprodukcyjnych,beneficjenci_pomocy_spol_na_10tys,stopa_bezrobocia_rejestrowanego,gestosc_zaludnienia,wskaznik_urbanizacji,rok_danych_demograficznych,rok_danych_pomocy_spolecznej,ludnosc_2022,zmiana_ludnosci_2022_2025_proc
1201,011212001000,Powiat bocheński,powiat ziemski,106926,-0.6,-0.26,18.1,27.9,36.1,71.8,101.3,219,3.0,164.8,28.9,2025,2024,106878,0.04
1202,011212402000,Powiat brzeski,powiat ziemski,90942,-4.4,-3.04,18.4,27.9,36.2,68.7,111.6,270,5.5,154.0,19.7,2025,2024,91823,-0.96
1203,011212303000,Powiat chrzanowski,powiat ziemski,116781,-8.3,-7.1,23.8,37.4,48.1,76.1,172.4,318,7.0,315.8,60.0,2025,2024,119719,-2.45
1204,011212404000,Powiat dąbrowski,powiat ziemski,56975,-4.9,-2.87,18.8,28.1,36.4,65.8,123.8,519,12.0,107.5,27.0,2025,2024,57809,-1.44
1205,011212205000,Powiat gorlicki,powiat ziemski,103725,-8.3,-4.29,20.0,30.7,40.2,72.6,124.0,567,7.3,107.3,30.9,2025,2024,105782,-1.94
1206,011212006000,Powiat krakowski,powiat ziemski,304885,2.0,-1.99,17.8,27.1,35.0,70.0,100.3,160,4.4,247.8,14.4,2025,2024,300289,1.53
1207,011212207000,Powiat limanowski,powiat ziemski,131480,-1.1,1.28,15.6,23.7,31.3,70.5,80.1,522,7.7,138.2,16.8,2025,2024,131549,-0.05
1208,011212008000,Powiat miechowski,powiat ziemski,45898,-8.8,-7.54,23.9,38.3,48.5,78.2,163.8,300,6.0,67.9,25.2,2025,2024,46998,-2.34
1209,011212009000,Powiat myślenicki,powiat ziemski,129979,0.0,-0.62,16.7,25.4,33.3,69.4,92.2,225,3.8,193.1,23.2,2025,2024,129538,0.34
1210,011212210000,Powiat nowosądecki,powiat ziemski,214457,-2.0,0.43,15.7,23.8,31.7,69.5,83.8,561,8.2,138.4,15.5,2025,2024,214933,-0.22
1211,011216911000,Powiat nowotarski,powiat ziemski,189704,-1.5,-0.72,17.7,26.6,34.7,67.6,105.1,222,5.4,128.6,28.4,2025,2024,190143,-0.23
1212,011212312000,Powiat olkuski,powiat ziemski,103887,-10.6,-7.56,24.1,38.2,48.7,77.3,169.9,205,7.0,168.1,46.7,2025,2024,106843,-2.77
1213,011212313000,Powiat oświęcimski,powiat ziemski,146696,-6.7,-5.49,22.1,34.5,44.5,74.6,147.5,212,5.5,361.1,50.8,2025,2024,149304,-1.75
1214,011212014000,Powiat proszowicki,powiat ziemski,41647,-6.7,-4.11,21.2,32.8,41.4,71.0,140.1,306,6.8,100.4,19.2,2025,2024,42268,-1.47
1215,011216915000,Powiat suski,powiat ziemski,82252,-3.6,-2.83,18.5,28.1,36.5,69.2,111.5,345,5.1,120.0,23.7,2025,2024,83127,-1.05
1216,011212416000,Powiat tarnowski,powiat ziemski,196521,-3.0,-2.27,18.0,26.9,35.2,67.0,110.8,349,7.6,139.2,11.5,2025,2024,197717,-0.6
1217,011216917000,Powiat tatrzański,powiat ziemski,66181,-2.5,-1.59,19.9,30.7,39.8,71.8,124.8,246,9.0,140.3,37.7,2025,2024,66566,-0.58
1218,011212318000,Powiat wadowicki,powiat ziemski,156502,-3.8,-3.48,18.7,28.5,37.1,70.0,112.9,209,6.3,242.3,24.8,2025,2024,157855,-0.86
1219,011212019000,Powiat wielicki,powiat ziemski,146697,9.8,1.13,15.9,24.0,30.9,67.5,84.4,168,4.2,357.3,31.4,2025,2024,142044,3.28
1261,011212161000,Powiat m. Kraków,miasto na prawach powiatu,816614,9.2,-0.49,20.0,30.1,36.7,63.3,137.5,178,2.5,2498.4,100.0,2025,2024,803282,1.66
1262,011212262000,Powiat m. Nowy Sącz,miasto na prawach powiatu,79416,-5.1,-2.49,21.7,34.1,44.6,77.5,135.4,312,4.2,1378.8,100.0,2025,2024,80587,-1.45
1263,011212463000,Powiat m. Tarnów,miasto na prawach powiatu,101177,-9.3,-5.59,25.5,40.8,51.9,78.7,193.7,319,5.0,1398.1,100.0,2025,2024,103960,-2.68
